{
  "10": {
    "1": 0.03333333333333333,
    "2": 0.03333333333333333,
    "3": 0.05333333333333334,
    "4": 0.04,
    "5": 0.03333333333333333,
    "6": 0.05333333333333334,
    "7": 0.04666666666666667,
    "8": 0.03333333333333333,
    "9": 0.03333333333333333,
    "10": 0.04,
    "11": 0.05333333333333334,
    "12": 0.04666666666666667,
    "13": 0.03333333333333333,
    "14": 0.04666666666666667,
    "15": 0.02666666666666667,
    "16": 0.04,
    "17": 0.05333333333333334,
    "18": 0.06,
    "19": 0.03333333333333333,
    "20": 0.04,
    "21": 0.06,
    "22": 0.02,
    "23": 0.02666666666666667,
    "24": 0.02666666666666667,
    "25": 0.03333333333333333
  },
  "15": {
    "1": 0.03111111111111111,
    "2": 0.044444444444444446,
    "3": 0.04888888888888889,
    "4": 0.044444444444444446,
    "5": 0.02666666666666667,
    "6": 0.05333333333333334,
    "7": 0.044444444444444446,
    "8": 0.035555555555555556,
    "9": 0.035555555555555556,
    "10": 0.035555555555555556,
    "11": 0.04888888888888889,
    "12": 0.044444444444444446,
    "13": 0.035555555555555556,
    "14": 0.044444444444444446,
    "15": 0.02666666666666667,
    "16": 0.04,
    "17": 0.044444444444444446,
    "18": 0.05333333333333334,
    "19": 0.04,
    "20": 0.04888888888888889,
    "21": 0.05333333333333334,
    "22": 0.022222222222222223,
    "23": 0.03111111111111111,
    "24": 0.03111111111111111,
    "25": 0.035555555555555556
  },
  "megasena_15": {
    "1": 0.022222222222222223,
    "2": 0.0,
    "3": 0.011111111111111112,
    "4": 0.022222222222222223,
    "5": 0.011111111111111112,
    "6": 0.011111111111111112,
    "7": 0.022222222222222223,
    "8": 0.022222222222222223,
    "9": 0.022222222222222223,
    "10": 0.0,
    "11": 0.011111111111111112,
    "12": 0.011111111111111112,
    "13": 0.011111111111111112,
    "14": 0.022222222222222223,
    "15": 0.011111111111111112,
    "16": 0.0,
    "17": 0.022222222222222223,
    "18": 0.022222222222222223,
    "19": 0.011111111111111112,
    "20": 0.022222222222222223,
    "21": 0.011111111111111112,
    "22": 0.022222222222222223,
    "23": 0.022222222222222223,
    "24": 0.022222222222222223,
    "25": 0.011111111111111112,
    "26": 0.011111111111111112,
    "27": 0.044444444444444446,
    "28": 0.011111111111111112,
    "29": 0.011111111111111112,
    "30": 0.03333333333333333,
    "31": 0.011111111111111112,
    "32": 0.03333333333333333,
    "33": 0.011111111111111112,
    "34": 0.0,
    "35": 0.011111111111111112,
    "36": 0.022222222222222223,
    "37": 0.022222222222222223,
    "38": 0.03333333333333333,
    "39": 0.011111111111111112,
    "40": 0.011111111111111112,
    "41": 0.0,
    "42": 0.03333333333333333,
    "43": 0.011111111111111112,
    "44": 0.022222222222222223,
    "45": 0.03333333333333333,
    "46": 0.0,
    "47": 0.022222222222222223,
    "48": 0.022222222222222223,
    "49": 0.011111111111111112,
    "50": 0.03333333333333333,
    "51": 0.011111111111111112,
    "52": 0.044444444444444446,
    "53": 0.0,
    "54": 0.011111111111111112,
    "55": 0.011111111111111112,
    "56": 0.0,
    "57": 0.0,
    "58": 0.03333333333333333,
    "59": 0.011111111111111112,
    "60": 0.03333333333333333
  },
  "lotofacil_15": {
    "1": 0.035555555555555556,
    "2": 0.04888888888888889,
    "3": 0.035555555555555556,
    "4": 0.04,
    "5": 0.057777777777777775,
    "6": 0.03111111111111111,
    "7": 0.044444444444444446,
    "8": 0.035555555555555556,
    "9": 0.04888888888888889,
    "10": 0.04,
    "11": 0.04,
    "12": 0.035555555555555556,
    "13": 0.04,
    "14": 0.04,
    "15": 0.035555555555555556,
    "16": 0.03111111111111111,
    "17": 0.03111111111111111,
    "18": 0.04,
    "19": 0.04888888888888889,
    "20": 0.044444444444444446,
    "21": 0.04,
    "22": 0.022222222222222223,
    "23": 0.035555555555555556,
    "24": 0.04888888888888889,
    "25": 0.04888888888888889
  },
  "quina_15": {
    "1": 0.04,
    "2": 0.013333333333333334,
    "3": 0.013333333333333334,
    "4": 0.0,
    "5": 0.013333333333333334,
    "6": 0.0,
    "7": 0.0,
    "8": 0.0,
    "9": 0.0,
    "10": 0.0,
    "11": 0.0,
    "12": 0.02666666666666667,
    "13": 0.013333333333333334,
    "14": 0.02666666666666667,
    "15": 0.0,
    "16": 0.04,
    "17": 0.013333333333333334,
    "18": 0.0,
    "19": 0.02666666666666667,
    "20": 0.013333333333333334,
    "21": 0.013333333333333334,
    "22": 0.0,
    "23": 0.013333333333333334,
    "24": 0.04,
    "25": 0.0,
    "26": 0.0,
    "27": 0.02666666666666667,
    "28": 0.013333333333333334,
    "29": 0.04,
    "30": 0.013333333333333334,
    "31": 0.013333333333333334,
    "32": 0.013333333333333334,
    "33": 0.013333333333333334,
    "34": 0.013333333333333334,
    "35": 0.013333333333333334,
    "36": 0.0,
    "37": 0.0,
    "38": 0.02666666666666667,
    "39": 0.0,
    "40": 0.02666666666666667,
    "41": 0.02666666666666667,
    "42": 0.013333333333333334,
    "43": 0.013333333333333334,
    "44": 0.02666666666666667,
    "45": 0.0,
    "46": 0.0,
    "47": 0.02666666666666667,
    "48": 0.02666666666666667,
    "49": 0.013333333333333334,
    "50": 0.04,
    "51": 0.013333333333333334,
    "52": 0.0,
    "53": 0.0,
    "54": 0.013333333333333334,
    "55": 0.02666666666666667,
    "56": 0.02666666666666667,
    "57": 0.04,
    "58": 0.0,
    "59": 0.013333333333333334,
    "60": 0.0,
    "61": 0.013333333333333334,
    "62": 0.0,
    "63": 0.0,
    "64": 0.0,
    "65": 0.0,
    "66": 0.013333333333333334,
    "67": 0.0,
    "68": 0.013333333333333334,
    "69": 0.0,
    "70": 0.02666666666666667,
    "71": 0.013333333333333334,
    "72": 0.0,
    "73": 0.0,
    "74": 0.04,
    "75": 0.0,
    "76": 0.0,
    "77": 0.013333333333333334,
    "78": 0.013333333333333334,
    "79": 0.013333333333333334,
    "80": 0.0
  },
  "duplasena_15": {
    "1": 0.022222222222222223,
    "2": 0.03333333333333333,
    "3": 0.022222222222222223,
    "4": 0.0,
    "5": 0.044444444444444446,
    "6": 0.022222222222222223,
    "7": 0.0,
    "8": 0.022222222222222223,
    "9": 0.011111111111111112,
    "10": 0.03333333333333333,
    "11": 0.022222222222222223,
    "12": 0.07777777777777778,
    "13": 0.011111111111111112,
    "14": 0.011111111111111112,
    "15": 0.022222222222222223,
    "16": 0.022222222222222223,
    "17": 0.022222222222222223,
    "18": 0.011111111111111112,
    "19": 0.011111111111111112,
    "20": 0.011111111111111112,
    "21": 0.0,
    "22": 0.011111111111111112,
    "23": 0.011111111111111112,
    "24": 0.022222222222222223,
    "25": 0.011111111111111112,
    "26": 0.03333333333333333,
    "27": 0.022222222222222223,
    "28": 0.022222222222222223,
    "29": 0.011111111111111112,
    "30": 0.022222222222222223,
    "31": 0.022222222222222223,
    "32": 0.03333333333333333,
    "33": 0.011111111111111112,
    "34": 0.011111111111111112,
    "35": 0.03333333333333333,
    "36": 0.044444444444444446,
    "37": 0.011111111111111112,
    "38": 0.0,
    "39": 0.05555555555555555,
    "40": 0.0,
    "41": 0.011111111111111112,
    "42": 0.022222222222222223,
    "43": 0.011111111111111112,
    "44": 0.03333333333333333,
    "45": 0.011111111111111112,
    "46": 0.022222222222222223,
    "47": 0.011111111111111112,
    "48": 0.03333333333333333,
    "49": 0.022222222222222223,
    "50": 0.0
  },
  "lotomania_15": {
    "0": 0.01,
    "1": 0.013333333333333334,
    "2": 0.01,
    "3": 0.013333333333333334,
    "4": 0.016666666666666666,
    "5": 0.016666666666666666,
    "6": 0.016666666666666666,
    "7": 0.013333333333333334,
    "8": 0.006666666666666667,
    "9": 0.016666666666666666,
    "10": 0.013333333333333334,
    "11": 0.013333333333333334,
    "12": 0.013333333333333334,
    "13": 0.0033333333333333335,
    "14": 0.013333333333333334,
    "15": 0.0033333333333333335,
    "16": 0.0,
    "17": 0.006666666666666667,
    "18": 0.016666666666666666,
    "19": 0.0033333333333333335,
    "20": 0.01,
    "21": 0.0033333333333333335,
    "22": 0.01,